{"IcoMoonType":"selection","icons":[{"icon":{"paths":["M512 950.857c-9.143 0-18.286-3.429-25.143-10.286l-356.571-344c-4.571-4-130.286-118.857-130.286-256 0-167.429 102.286-267.429 273.143-267.429 100 0 193.714 78.857 238.857 123.429 45.143-44.571 138.857-123.429 238.857-123.429 170.857 0 273.143 100 273.143 267.429 0 137.143-125.714 252-130.857 257.143l-356 342.857c-6.857 6.857-16 10.286-25.143 10.286z"],"width":1024,"attrs":[],"isMulticolor":false,"isMulticolor2":false,"tags":["heart"],"defaultCode":61444,"grid":14},"attrs":[],"properties":{"name":"heart","id":8,"order":22,"prevSize":28,"code":61444},"setIdx":0,"setId":4,"iconIdx":8},{"icon":{"paths":["M950.857 369.714c0 10.286-7.429 20-14.857 27.429l-207.429 202.286 49.143 285.714c0.571 4 0.571 7.429 0.571 11.429 0 14.857-6.857 28.571-23.429 28.571-8 0-16-2.857-22.857-6.857l-256.571-134.857-256.571 134.857c-7.429 4-14.857 6.857-22.857 6.857-16.571 0-24-13.714-24-28.571 0-4 0.571-7.429 1.143-11.429l49.143-285.714-208-202.286c-6.857-7.429-14.286-17.143-14.286-27.429 0-17.143 17.714-24 32-26.286l286.857-41.714 128.571-260c5.143-10.857 14.857-23.429 28-23.429s22.857 12.571 28 23.429l128.571 260 286.857 41.714c13.714 2.286 32 9.143 32 26.286z"],"width":950.8571428571428,"attrs":[],"isMulticolor":false,"isMulticolor2":false,"tags":["star"],"defaultCode":61445,"grid":14},"attrs":[],"properties":{"name":"star","id":9,"order":18,"prevSize":28,"code":61445},"setIdx":0,"setId":4,"iconIdx":9},{"icon":{"paths":["M649.714 573.714l174.857-169.714-241.143-35.429-108-218.286-108 218.286-241.143 35.429 174.857 169.714-41.714 240.571 216-113.714 215.429 113.714zM950.857 369.714c0 10.286-7.429 20-14.857 27.429l-207.429 202.286 49.143 285.714c0.571 4 0.571 7.429 0.571 11.429 0 15.429-6.857 28.571-23.429 28.571-8 0-16-2.857-22.857-6.857l-256.571-134.857-256.571 134.857c-7.429 4-14.857 6.857-22.857 6.857-16.571 0-24-13.714-24-28.571 0-4 0.571-7.429 1.143-11.429l49.143-285.714-208-202.286c-6.857-7.429-14.286-17.143-14.286-27.429 0-17.143 17.714-24 32-26.286l286.857-41.714 128.571-260c5.143-10.857 14.857-23.429 28-23.429s22.857 12.571 28 23.429l128.571 260 286.857 41.714c13.714 2.286 32 9.143 32 26.286z"],"width":950.8571428571428,"attrs":[],"isMulticolor":false,"isMulticolor2":false,"tags":["star-o"],"defaultCode":61446,"grid":14},"attrs":[],"properties":{"name":"star-o","id":10,"order":17,"prevSize":28,"code":61446},"setIdx":0,"setId":4,"iconIdx":10},{"icon":{"paths":["M804.571 566.857v274.286c0 20-16.571 36.571-36.571 36.571h-219.429v-219.429h-146.286v219.429h-219.429c-20 0-36.571-16.571-36.571-36.571v-274.286c0-1.143 0.571-2.286 0.571-3.429l328.571-270.857 328.571 270.857c0.571 1.143 0.571 2.286 0.571 3.429zM932 527.429l-35.429 42.286c-2.857 3.429-7.429 5.714-12 6.286h-1.714c-4.571 0-8.571-1.143-12-4l-395.429-329.714-395.429 329.714c-4 2.857-8.571 4.571-13.714 4-4.571-0.571-9.143-2.857-12-6.286l-35.429-42.286c-6.286-7.429-5.143-19.429 2.286-25.714l410.857-342.286c24-20 62.857-20 86.857 0l139.429 116.571v-111.429c0-10.286 8-18.286 18.286-18.286h109.714c10.286 0 18.286 8 18.286 18.286v233.143l125.143 104c7.429 6.286 8.571 18.286 2.286 25.714z"],"width":950.8571428571428,"attrs":[],"isMulticolor":false,"isMulticolor2":false,"tags":["home"],"defaultCode":61461,"grid":14},"attrs":[],"properties":{"name":"home","id":24,"order":16,"prevSize":28,"code":61461},"setIdx":0,"setId":4,"iconIdx":24},{"icon":{"paths":["M1024 768v73.143c0 20-16.571 36.571-36.571 36.571h-950.857c-20 0-36.571-16.571-36.571-36.571v-73.143c0-20 16.571-36.571 36.571-36.571h950.857c20 0 36.571 16.571 36.571 36.571zM1024 548.571v73.143c0 20-16.571 36.571-36.571 36.571h-731.429c-20 0-36.571-16.571-36.571-36.571v-73.143c0-20 16.571-36.571 36.571-36.571h731.429c20 0 36.571 16.571 36.571 36.571zM1024 329.143v73.143c0 20-16.571 36.571-36.571 36.571h-877.714c-20 0-36.571-16.571-36.571-36.571v-73.143c0-20 16.571-36.571 36.571-36.571h877.714c20 0 36.571 16.571 36.571 36.571zM1024 109.714v73.143c0 20-16.571 36.571-36.571 36.571h-658.286c-20 0-36.571-16.571-36.571-36.571v-73.143c0-20 16.571-36.571 36.571-36.571h658.286c20 0 36.571 16.571 36.571 36.571z"],"width":1024,"attrs":[],"isMulticolor":false,"isMulticolor2":false,"tags":["align-right"],"defaultCode":61496,"grid":14},"attrs":[],"properties":{"name":"align-right","id":57,"order":21,"prevSize":28,"code":61496},"setIdx":0,"setId":4,"iconIdx":57},{"icon":{"paths":["M669.143 172l-303.429 303.429 303.429 303.429c14.286 14.286 14.286 37.143 0 51.429l-94.857 94.857c-14.286 14.286-37.143 14.286-51.429 0l-424-424c-14.286-14.286-14.286-37.143 0-51.429l424-424c14.286-14.286 37.143-14.286 51.429 0l94.857 94.857c14.286 14.286 14.286 37.143 0 51.429z"],"width":768,"attrs":[],"isMulticolor":false,"isMulticolor2":false,"tags":["chevron-left"],"defaultCode":61523,"grid":14},"attrs":[],"properties":{"name":"chevron-left","id":82,"order":38,"prevSize":28,"code":61523},"setIdx":0,"setId":4,"iconIdx":82},{"icon":{"paths":["M632.571 501.143l-424 424c-14.286 14.286-37.143 14.286-51.429 0l-94.857-94.857c-14.286-14.286-14.286-37.143 0-51.429l303.429-303.429-303.429-303.429c-14.286-14.286-14.286-37.143 0-51.429l94.857-94.857c14.286-14.286 37.143-14.286 51.429 0l424 424c14.286 14.286 14.286 37.143 0 51.429z"],"width":694.8571428571428,"attrs":[],"isMulticolor":false,"isMulticolor2":false,"tags":["chevron-right"],"defaultCode":61524,"grid":14},"attrs":[],"properties":{"name":"chevron-right","id":83,"order":37,"prevSize":28,"code":61524},"setIdx":0,"setId":4,"iconIdx":83},{"icon":{"paths":["M950.857 548.571c-54.286-84-128.571-156-217.714-201.714 22.857 38.857 34.857 83.429 34.857 128.571 0 141.143-114.857 256-256 256s-256-114.857-256-256c0-45.143 12-89.714 34.857-128.571-89.143 45.714-163.429 117.714-217.714 201.714 97.714 150.857 255.429 256 438.857 256s341.143-105.143 438.857-256zM539.429 329.143c0-14.857-12.571-27.429-27.429-27.429-95.429 0-173.714 78.286-173.714 173.714 0 14.857 12.571 27.429 27.429 27.429s27.429-12.571 27.429-27.429c0-65.143 53.714-118.857 118.857-118.857 14.857 0 27.429-12.571 27.429-27.429zM1024 548.571c0 14.286-4.571 27.429-11.429 39.429-105.143 173.143-297.714 289.714-500.571 289.714s-395.429-117.143-500.571-289.714c-6.857-12-11.429-25.143-11.429-39.429s4.571-27.429 11.429-39.429c105.143-172.571 297.714-289.714 500.571-289.714s395.429 117.143 500.571 289.714c6.857 12 11.429 25.143 11.429 39.429z"],"width":1024,"attrs":[],"isMulticolor":false,"isMulticolor2":false,"tags":["eye"],"defaultCode":61550,"grid":14},"attrs":[],"properties":{"name":"eye","id":105,"order":23,"prevSize":28,"code":61550},"setIdx":0,"setId":4,"iconIdx":105},{"icon":{"paths":["M365.714 877.714c0 40-33.143 73.143-73.143 73.143s-73.143-33.143-73.143-73.143 33.143-73.143 73.143-73.143 73.143 33.143 73.143 73.143zM877.714 877.714c0 40-33.143 73.143-73.143 73.143s-73.143-33.143-73.143-73.143 33.143-73.143 73.143-73.143 73.143 33.143 73.143 73.143zM950.857 256v292.571c0 18.286-14.286 34.286-32.571 36.571l-596.571 69.714c2.857 13.143 7.429 26.286 7.429 40 0 13.143-8 25.143-13.714 36.571h525.714c20 0 36.571 16.571 36.571 36.571s-16.571 36.571-36.571 36.571h-585.143c-20 0-36.571-16.571-36.571-36.571 0-17.714 25.714-60.571 34.857-78.286l-101.143-470.286h-116.571c-20 0-36.571-16.571-36.571-36.571s16.571-36.571 36.571-36.571h146.286c38.286 0 39.429 45.714 45.143 73.143h686.286c20 0 36.571 16.571 36.571 36.571z"],"width":950.8571428571428,"attrs":[],"isMulticolor":false,"isMulticolor2":false,"tags":["shopping-cart"],"defaultCode":61562,"grid":14},"attrs":[],"properties":{"name":"shopping-cart","id":116,"order":29,"prevSize":28,"code":61562},"setIdx":0,"setId":4,